Product Name,Product Price,Product SKU,Image URL
Kit ballon happy birthday argent,"1,500Fr",30206,https://boutique.popevents.nc/wp-content/uploads/sites/2/2023/08/ballons-mylar-happy-birthday-argent-300x300.jpg
Kit ballons air Happy birthday or,"1,500Fr",30214,https://boutique.popevents.nc/wp-content/uploads/sites/2/2023/08/ballons-mylar-happy-birthday-or-300x300.jpg
Ballon helium forme 0 rose fushia,"1,390Fr",301A7,https://boutique.popevents.nc/wp-content/uploads/sites/2/2023/09/chiffre-zero.jpeg
Ballon helium forme Dinosaure Trex,"1,650Fr",00217,https://boutique.popevents.nc/wp-content/uploads/sites/2/2023/09/ballon-dinosaure-trex.jpeg
Ballon aluminium forme étoile à personnaliser,"1,950Fr",30428,https://boutique.popevents.nc/wp-content/uploads/sites/2/2023/04/40810-3252401-1-3-560-300x300.jpg
Ballon helium 45cm Happy birthday,700Fr,30401,https://boutique.popevents.nc/wp-content/uploads/sites/2/2023/01/54026-3994901-1-3-560-300x300.png
Ballon helium 45cm Happy birthday,700Fr,30402,https://boutique.popevents.nc/wp-content/uploads/sites/2/2023/01/56576-4177201-1-3-560-300x300.jpg
Ballon helium 45cm Happy birthday,700Fr,30420,https://boutique.popevents.nc/wp-content/uploads/sites/2/2023/01/56590-4174401-1-3-560-300x300.jpg
Ballon hélium 45cm Joyeux anniversaire rose gold,500Fr,30434,https://boutique.popevents.nc/wp-content/uploads/sites/2/2023/01/6650_20_rose-gold-300x300.jpg
Ballon hélium 45cm Joyeux anniversaire argent,500Fr,30439,https://boutique.popevents.nc/wp-content/uploads/sites/2/2023/01/6650_4_argent-300x300.jpg
