Title,Description,Image Link
N/A,N/A,https://www.isap-packaging.com
Basic 010525,Piatto cartoncino da 9.5g 5 conf. x 100 pz.,https://www.isap-packaging.com/cms-contents/uploads/product/010525.jpg
Ecokay 010268,Piatto biscomparto in polpa di cellulosa da 15g diametro 225 50 pz,https://www.isap-packaging.com/cms-contents/uploads/product/010268.jpg
Ecokay 010556,Piatto quadro da 13g - 18x18cm 16 conf. da 50pz.,https://www.isap-packaging.com/cms-contents/uploads/product/010556.jpg
Ecokay 010710,"Piatto dessert style brown da 8,5 g, diametro 18 cm cartone: 16 conf da 50 pz pallet: 8 cartoni x 5 strati",https://www.isap-packaging.com/cms-contents/uploads/product/010710.jpg
Ecokay 010724,"piatto quadro square brown da 8,5 g- 18x18cm Cartone: 20 conf da 20 pz Pallet: 14 cartoni x 5 strati",https://www.isap-packaging.com/cms-contents/uploads/product/010724.jpg
Ecokay 010725,"Piatto quadro square brown da 13,5 g- 23x23 cm cartone 20 conf da 20 pz Pallet: 10 cartoni x 4 strati",https://www.isap-packaging.com/cms-contents/uploads/product/010725.jpg
Piuttosto 010058,Piatto rettangolare bianco da 16 g in polipropilene 25pz,https://www.isap-packaging.com/cms-contents/uploads/product/010058.jpg
Piuttosto 010061,Piatto fondo quadro in polipropilene bianco da 100 pz,https://www.isap-packaging.com/cms-contents/uploads/product/010061.jpg
Piuttosto 010065,Piatto piano quadro bianco in polipropilene da 100 pz,https://www.isap-packaging.com/cms-contents/uploads/product/010065.jpg
Piuttosto 010277,Piatto piano quadro bianco in polipropilene da 12 g 100 pz,https://www.isap-packaging.com/cms-contents/uploads/product/010277.jpg
Piuttosto 010278,Piatto fondo quadro bianco in polipropilene 12g 100 pz,https://www.isap-packaging.com/cms-contents/uploads/product/010278.jpg
Piuttosto 010281,Piatto biscomparto bianco in polipropilene da 14 g 100 pz,https://www.isap-packaging.com/cms-contents/uploads/product/010281.jpg
N/A,N/A,https://www.isap-packaging.com
Petì 270010,"insalateria media 1300 ml da 15,3 g- 20 pz- in Pet",https://www.isap-packaging.com/cms-contents/uploads/product/270010.jpg
Petì 270022,Insalatiera grande in Pet 1600 ml da 18 g 5 pz,https://www.isap-packaging.com/cms-contents/uploads/product/270022.jpg
Piuttosto 270004,Insalatiera trasparente in polipropilene piccola 670 ml da 10 g- diametro 16 cm-15 conf da 50 pz,https://www.isap-packaging.com/cms-contents/uploads/product/270004.jpg
Piuttosto 270015,"insalatiera trasparente in polipropilene grande 1600 ml da 20 g- diametro 20,5 cm- 20 pz",https://www.isap-packaging.com/cms-contents/uploads/product/270015.jpg
Piuttosto 270023,INSALATIERA 1000CC QUADRA in polipropilene trasparente 20 pz,https://www.isap-packaging.com/cms-contents/uploads/product/270023.jpg
N/A,N/A,https://www.isap-packaging.com
Basic 250007,"vaschetta G12 bianca in polistirolo da 9,5 g- 100 pz",https://www.isap-packaging.com/cms-contents/uploads/product/250007.jpg
Basic 250010,vaschetta G9 bianca in polistirolo da 5 g- 100 pz,https://www.isap-packaging.com/cms-contents/uploads/product/250010.jpg
Basic 250032,vassoio 4 scomparti in polistirolo da 36 g- 360x240- 50 pz,https://www.isap-packaging.com/cms-contents/uploads/product/250032.jpg
Piuttosto 259048,Vaschetta1/2GN H40 PP BIANCA 65PZ,https://www.isap-packaging.com/cms-contents/uploads/product/259048.jpg
Piuttosto 259050,Vaschetta1/2GN H65 PP BIANCA 60PZ,https://www.isap-packaging.com/cms-contents/uploads/product/259050.jpg
Piuttosto 259052,Vaschetta1/2GN H80 PP BI..58PZ ISAP,https://www.isap-packaging.com/cms-contents/uploads/product/259052.jpg
Piuttosto 259053,Vaschetta.1/2GN H100 PP BIANCA 56PZ ISAP NEW,https://www.isap-packaging.com/cms-contents/uploads/product/259053.jpg
Piuttosto 259054,Vaschetta.1/2GN H110 PP BIANCA 55PZ,https://www.isap-packaging.com/cms-contents/uploads/product/259054.jpg
N/A,N/A,https://www.isap-packaging.com
Caffetteria 050482,"Bicchiere in PS 80 ml da 1,45 g 96 conf da 50 pz",https://www.isap-packaging.com/cms-contents/uploads/product/050482.jpg
Elegance 050591,Bicchiere.CONIC degustazione 30CC.in polistirolo 80PZ confezione termoretratta,https://www.isap-packaging.com/cms-contents/uploads/product/050591.jpg
Elegance 050593,Bicchiere conic liquore in polistirolo trasparente 50 ml da 50 pz,https://www.isap-packaging.com/cms-contents/uploads/product/050593.jpg
Kristall 050049,Bicchiere trasparente in polistirolo cristallo 100 cc 50 pz,https://www.isap-packaging.com/cms-contents/uploads/product/050049.jpg
Kristall 050050,Bicchiere trasparente in polistirolo cristallo 120 cc 50 pz,https://www.isap-packaging.com/cms-contents/uploads/product/050050.jpg
Kristall 050052,Bicchiere in polistirolo cristallo 160 cc 50 pz,https://www.isap-packaging.com/cms-contents/uploads/product/050052.jpg
Kristall 050053,Bicchiere trasparente in polistirolo cristallo 205 cc 50 pz,https://www.isap-packaging.com/cms-contents/uploads/product/050053.jpg
Kristall 050055,"bicchiere Kristall 250 cc trasparente tacca 0,2 l da 5,5 g- diametro 7,3 cm- 50 pz",https://www.isap-packaging.com/cms-contents/uploads/product/050055.jpg
Kristall 050056,Bicchiere trasparente in polistirolo cristallo 250 cc confezione singola- 600 pz,https://www.isap-packaging.com/cms-contents/uploads/product/050056.jpg
Kristall 050059,Bicchiere trasparente in polistirolo cristallo 300 cc base larga 50 pz,https://www.isap-packaging.com/cms-contents/uploads/product/050059.jpg
Kristall 050060,Bicchiere trasparente in polistirolo cristallo 300 cc 50 pz,https://www.isap-packaging.com/cms-contents/uploads/product/050060.jpg
Kristall 050062,Bicchiere trasparente in polistirolo cristallo 390 cc 50 pz,https://www.isap-packaging.com/cms-contents/uploads/product/050062.jpg
Kristall 050063,Bicchiere trasparente in polistirolo cristallo 575 cc 40 pz,https://www.isap-packaging.com/cms-contents/uploads/product/050063.jpg
Mister Risp 050534,BICCH.P160CC. doppia fila (2x50 pz) in polipropilene bianco 30 conf da 100 pz,https://www.isap-packaging.com/cms-contents/uploads/product/050534.jpg
Mister Risp 050535,BICCH.P160CCdoppia fila (2x50 pz) in polipropilene trasparente 30 conf da 100 pz,https://www.isap-packaging.com/cms-contents/uploads/product/050535.jpg
Mister Risp 050686,"Bicchiere in polipropilene trasparente 160 cc- economy pack-1,85 g- 7,03 diametro- 30 conf da 86 pz",https://www.isap-packaging.com/cms-contents/uploads/product/050686.jpg
Mister Risp 050732,Bicchiere bianco in PP 200ml da 1.85g - d. 7.03cm 30 conf. da 86 pz. Economy pack (2x43 pz),https://www.isap-packaging.com/cms-contents/uploads/product/050732.jpg
Piuttosto 050026,Bicchiere trasparente in polipropilene 200 cc 50 pz,https://www.isap-packaging.com/cms-contents/uploads/product/050026.jpg
Piuttosto 050029,Bicchiere trasparente in polipropilene imbustato singolarmente 230 cc 700 pz,https://www.isap-packaging.com/cms-contents/uploads/product/050029.jpg
Piuttosto 050031,Bicchiere trasparente in polipropilene 230 cc 100 pz,https://www.isap-packaging.com/cms-contents/uploads/product/050031.jpg
Piuttosto 050037,Bicchiere trasparente in polipropilene 350 cc 50 pz,https://www.isap-packaging.com/cms-contents/uploads/product/050037.jpg
Piuttosto 050038,Bicchiere trasparente in polipropilene 350 cc pesante 50 pz,https://www.isap-packaging.com/cms-contents/uploads/product/050038.jpg
Piuttosto 050039,Bicchiere trasparente in polipropilene 355 cc Party 30 pz,https://www.isap-packaging.com/cms-contents/uploads/product/050039.jpg
Piuttosto 050040,Bicchere 400 ml in polipropilene trasparente 50 pz,https://www.isap-packaging.com/cms-contents/uploads/product/050040.jpg
